Design,Protocol,Length,Seed,Helicity,Target_Hotspot,Sequence,InterfaceResidues,pLDDT,pTM,i_pTM,pAE,i_pAE,i_pLDDT,ss_pLDDT,Unrelaxed_Clashes,Relaxed_Clashes,Binder_Energy_Score,Surface_Hydrophobicity,ShapeComplementarity,PackStat,dG,dSASA,dG/dSASA,Interface_SASA_%,Interface_Hydrophobicity,n_InterfaceResidues,n_InterfaceHbonds,InterfaceHbondsPercentage,n_InterfaceUnsatHbonds,InterfaceUnsatHbondsPercentage,Interface_Helix%,Interface_BetaSheet%,Interface_Loop%,Binder_Helix%,Binder_BetaSheet%,Binder_Loop%,InterfaceAAs,Target_RMSD,TrajectoryTime,Notes,TargetSettings,Filters,AdvancedSettings
EGFR_l61_s584422,4stage,61,584422,-0.3,"356,440-441",SEDQKWEWVFEADYIIFSSAKSKLSPKEYWELSEENMRKVMQMTPKEVVVWLAMLEVQVNS,"B3,B4,B6,B7,B9,B10,B13,B14,B17,B18,B19,B20,B23,B26,B29,B30,B33,B34,B37",0.49,0.75,0.3,0.5,0.55,0.81,0.9,19,0,-139.25,0.23,0.69,0.6,-48.33,1856.1,-2.6,50.81,52.63,19,5,26.32,2.0,10.53,68.18,0.0,31.82,81.97,0.0,18.03,"{'A': 1, 'C': 0, 'D': 2, 'E': 2, 'F': 2, 'G': 0, 'H': 0, 'I': 0, 'K': 1, 'L': 0, 'M': 1, 'N': 0, 'P': 1, 'Q': 1, 'R': 0, 'S': 3, 'T': 0, 'V': 1, 'W': 2, 'Y': 2}",0.43,"0 hours, 5 minutes, 4 seconds",,EGFR_5,default_filters_1,4stage_multimer_2
EGFR_l115_s550170,4stage,115,550170,-0.3,"356,440-441",SAKEHKRLWSEMYDVLKEMQTDFETMTHDEMAAKEETYKAAMTTFLEQMEPAMKKSKMTRHKMTFSMSIILLEHFDKFMNDPENYQNWNDAQFTIGFIIWMRMDLIKIVISDHMS,"B53,B54,B59,B60,B62,B63,B64,B66,B67,B69,B70,B73,B74,B81,B83,B90,B91,B93,B94,B97,B98,B100,B101,B102,B104,B105",0.71,0.81,0.67,0.29,0.31,0.91,0.93,15,0,-266.88,0.21,0.72,0.65,-63.25,2447.72,-2.58,39.93,46.15,26,7,26.92,8.0,30.77,96.15,0.0,3.85,89.57,0.0,10.43,"{'A': 1, 'C': 0, 'D': 3, 'E': 2, 'F': 2, 'G': 0, 'H': 1, 'I': 3, 'K': 2, 'L': 1, 'M': 4, 'N': 0, 'P': 0, 'Q': 0, 'R': 2, 'S': 1, 'T': 3, 'V': 0, 'W': 1, 'Y': 0}",0.44,"0 hours, 10 minutes, 11 seconds",,EGFR_5,default_filters_1,4stage_multimer_2
EGFR_l70_s371200,4stage,70,371200,-0.3,"356,440-441",PRNIHDMRGDQRWKYMVKYVKKDPALDQEKIKEIITERKWAKKNDDWEAWFRSYGEMWLAWADYRDHNPP,"B3,B4,B5,B9,B12,B38,B47,B48,B50,B51,B52,B54,B55,B56,B58,B59,B61,B62,B65,B66,B69,B70",0.84,0.87,0.75,0.2,0.22,0.83,0.9,21,0,-166.52,0.2,0.63,0.68,-46.03,2040.03,-2.26,45.88,50.0,22,3,13.64,7.0,31.82,72.22,0.0,27.78,74.29,0.0,25.71,"{'A': 1, 'C': 0, 'D': 1, 'E': 2, 'F': 1, 'G': 2, 'H': 1, 'I': 1, 'K': 0, 'L': 1, 'M': 0, 'N': 1, 'P': 2, 'Q': 0, 'R': 4, 'S': 0, 'T': 0, 'V': 0, 'W': 4, 'Y': 1}",0.57,"0 hours, 6 minutes, 29 seconds",,EGFR_5,default_filters_1,4stage_multimer_2
EGFR_l100_s472218,4stage,100,472218,-0.3,"356,440-441",SPAADQAEREKLTAIRMEVKYAMFMTWYYEPRHPAYSAQLTKQAITLIAQFQSEATPGTAAATLVKDYMTHDANWYAEHYGPGHPAVIKVWKEANSAFSS,"B9,B13,B16,B17,B18,B20,B21,B24,B25,B27,B28,B29,B33,B36,B64,B67,B68,B71,B72,B75,B76,B79,B80",0.71,0.68,0.31,0.42,0.55,0.95,0.96,0,0,-247.03,0.29,0.66,0.58,-53.56,2219.54,-2.41,45.16,56.52,23,8,34.78,8.0,34.78,95.24,0.0,4.76,84.0,0.0,16.0,"{'A': 0, 'C': 0, 'D': 2, 'E': 1, 'F': 1, 'G': 0, 'H': 3, 'I': 0, 'K': 1, 'L': 1, 'M': 2, 'N': 0, 'P': 0, 'Q': 0, 'R': 2, 'S': 0, 'T': 1, 'V': 0, 'W': 2, 'Y': 7}",0.37,"0 hours, 8 minutes, 39 seconds",,EGFR_5,default_filters_1,4stage_multimer_2
EGFR_l113_s28319,4stage,113,28319,-0.3,"356,440-441",MTMWDLIAIIKAKMTQAEIERMIHTMTHKEYHDIFHKLLEMLDFWSDITAADVERALQYIKQLGGEENKPYAPFMKAMYEHLKDWKPEEWDIFEEMVIYVYLGGYWSFRYWMM,"B3,B4,B32,B36,B44,B45,B91,B94,B95,B98,B99,B101,B102,B103,B104,B106,B107,B110,B111,B113",0.52,0.7,0.47,0.5,0.53,0.87,0.91,3,0,-270.79,0.23,0.6,0.56,-49.34,1920.51,-2.57,35.29,60.0,20,8,40.0,1.0,5.0,73.68,0.0,26.32,76.11,0.0,23.89,"{'A': 0, 'C': 0, 'D': 1, 'E': 2, 'F': 1, 'G': 2, 'H': 2, 'I': 1, 'K': 0, 'L': 1, 'M': 2, 'N': 0, 'P': 0, 'Q': 0, 'R': 0, 'S': 1, 'T': 0, 'V': 0, 'W': 4, 'Y': 3}",0.31,"0 hours, 9 minutes, 18 seconds",,EGFR_5,default_filters_1,4stage_multimer_2
EGFR_l105_s734272,4stage,105,734272,-0.3,"356,440-441",PWVALYHKMKATYDSMKEAKGAMPKNPALEVQAEEVIDMMKVIILFHPLDMPPDPKHPELSQPLTHSNFPSPKFKKQYERVMAEDHQIKFSALQSQWATIMEQAS,"B35,B38,B39,B41,B42,B43,B45,B46,B49,B62,B64,B65,B67,B68,B69,B70,B71,B73,B74,B77,B78,B80,B81,B82,B85,B88,B89",0.83,0.86,0.76,0.2,0.22,0.76,0.89,1,0,-210.41,0.27,0.6,0.5,-57.42,2470.13,-2.32,43.24,51.85,27,9,33.33,4.0,14.81,60.87,0.0,39.13,69.52,0.0,30.48,"{'A': 0, 'C': 0, 'D': 2, 'E': 1, 'F': 3, 'G': 0, 'H': 0, 'I': 2, 'K': 3, 'L': 3, 'M': 2, 'N': 1, 'P': 1, 'Q': 2, 'R': 1, 'S': 2, 'T': 1, 'V': 2, 'W': 0, 'Y': 1}",0.34,"0 hours, 8 minutes, 43 seconds",,EGFR_5,default_filters_1,4stage_multimer_2
EGFR_l96_s287261,4stage,96,287261,-0.3,"356,440-441",SMSIEDMVDIMMKESKKMVPGPPEWAIWGLIGWMHLYPPDEGEPEEVYVTRMFRRQTKWTMDWSKRNKMPPSVVLKMMEELERVGRKVMHIIKRNS,"B4,B5,B15,B16,B18,B19,B20,B21,B22,B24,B25,B28,B29,B31,B32,B33,B35,B36,B37,B38,B59,B63,B67,B69,B70,B73",0.64,0.78,0.51,0.34,0.39,0.86,0.91,13,0,-240.94,0.23,0.65,0.63,-40.14,1881.07,-2.13,34.95,65.38,26,2,7.69,2.0,7.69,66.67,0.0,33.33,77.08,0.0,22.92,"{'A': 0, 'C': 0, 'D': 0, 'E': 2, 'F': 0, 'G': 3, 'H': 1, 'I': 2, 'K': 1, 'L': 1, 'M': 2, 'N': 1, 'P': 4, 'Q': 0, 'R': 0, 'S': 1, 'T': 0, 'V': 2, 'W': 5, 'Y': 1}",0.34,"0 hours, 8 minutes, 34 seconds",,EGFR_5,default_filters_1,4stage_multimer_2
EGFR_l83_s205800,4stage,83,205800,-0.3,"356,440-441",SRSLTVNERFEVNVTKFEYLFEKAKELPYGEAMDYRRRLYGYLFEMKVLRNDPEGTESQMKAVHNKLNTLDVRMEAATRKHSN,"B17,B18,B21,B25,B27,B28,B29,B32,B33,B36,B37,B40,B41,B43,B44,B45,B47,B48,B51,B52,B53",0.38,0.68,0.18,0.66,0.71,0.96,0.96,1,0,-217.81,0.23,0.71,0.67,-52.65,1877.23,-2.8,40.09,57.14,21,5,23.81,2.0,9.52,86.67,0.0,13.33,84.34,0.0,15.66,"{'A': 1, 'C': 0, 'D': 1, 'E': 2, 'F': 3, 'G': 1, 'H': 0, 'I': 0, 'K': 2, 'L': 2, 'M': 1, 'N': 1, 'P': 2, 'Q': 0, 'R': 2, 'S': 0, 'T': 0, 'V': 1, 'W': 0, 'Y': 2}",0.48,"0 hours, 7 minutes, 23 seconds",,EGFR_5,default_filters_1,4stage_multimer_2
EGFR_l91_s464253,4stage,91,464253,-0.3,"356,440-441",SPKEQKEELHILVLTGFHTPIPEIVKNVAKIKTHMAKLYQSGIWTSSEVNMHAGHVISHIRASPYLTTEMSRALMAEFQAFKEELMSQPVT,"B7,B10,B11,B13,B14,B15,B18,B51,B52,B55,B56,B58,B59,B61,B62,B63,B64,B66,B67,B68,B71,B72,B75",0.93,0.91,0.86,0.13,0.16,0.95,0.96,2,0,-236.05,0.27,0.64,0.62,-48.31,2026.4,-2.38,44.99,39.13,23,9,39.13,5.0,21.74,78.95,0.0,21.05,78.02,0.0,21.98,"{'A': 1, 'C': 0, 'D': 0, 'E': 1, 'F': 0, 'G': 0, 'H': 5, 'I': 1, 'K': 0, 'L': 2, 'M': 2, 'N': 0, 'P': 1, 'Q': 0, 'R': 2, 'S': 3, 'T': 3, 'V': 2, 'W': 0, 'Y': 0}",0.33,"0 hours, 8 minutes, 12 seconds",,EGFR_5,default_filters_1,4stage_multimer_2
