minji.lee.459	minji.lee.459
minji.lee.459	minji.lee.3458
x.rustamov.traj_9_8_model_1_0	x.rustamov.traj_9_8_model_1_0
x.rustamov.traj_9_8_model_1_0	x.rustamov.traj_4_8_model_1_5
x.rustamov.traj_9_8_model_1_0	x.rustamov.traj_6_1_model_1_8
x.rustamov.traj_9_8_model_1_0	x.rustamov.traj_11_8_model_5_0
hughy.4krp_B_A_89_rnd3_full	hughy.4krp_B_A_89_rnd3_full
hughy.4krp_B_A_89_rnd3_full	huiyu.cai.H3_15_877_H
hughy.4krp_B_A_89_rnd3_full	huiyu.cai.H3_15_2431_H
hughy.4krp_B_A_89_rnd3_full	huiyu.cai.H3_15_2847_H
hughy.4krp_B_A_89_rnd3_full	huiyu.cai.H3_15_3351_H
hughy.4krp_B_A_89_rnd3_full	huiyu.cai.H3_15_4373_H
hughy.4krp_B_A_89_rnd3_full	merlettaia.seq52v3
hughy.4krp_B_A_89_rnd3_full	hughy.7om4_B_A_180_rnd1_v1_full
hughy.4krp_B_A_89_rnd3_full	724928537.DBZ8
hughy.4krp_B_A_89_rnd3_full	hughy.7om4_B_A_8_rnd2_v2_full
hughy.4krp_B_A_89_rnd3_full	zhoup1366.DBZ8
hughy.4krp_B_A_89_rnd3_full	hughy.7om4_B_A_33_rnd2_v2_full
hughy.4krp_B_A_89_rnd3_full	tim.silica_corpora_regions_sampled_epitope_2_generated_variant_8_rank_3_phase_2
hughy.4krp_B_A_89_rnd3_full	zhoup1366.DBZ6
hughy.4krp_B_A_89_rnd3_full	zhoup1366.DBZ10
hughy.4krp_B_A_89_rnd3_full	revoli.mutated_nAb_8
hughy.4krp_B_A_89_rnd3_full	chrisxushaoyong.hu_nano1_3_eef94e
hughy.4krp_B_A_89_rnd3_full	revoli.mutated_nAb_5
hughy.4krp_B_A_89_rnd3_full	724928537.DBZ6
hughy.4krp_B_A_89_rnd3_full	724928537.DBZ7
hughy.4krp_B_A_89_rnd3_full	revoli.mutated_nAb_9
hughy.4krp_B_A_89_rnd3_full	zhoup1366.DBZ7
hughy.4krp_B_A_89_rnd3_full	chrisxushaoyong.hu_nano1_1_ff3e18
hughy.4krp_B_A_89_rnd3_full	zhoup1366.DBZ1
hughy.4krp_B_A_89_rnd3_full	chrisxushaoyong.hu_nano1_5_559c85
hughy.4krp_B_A_89_rnd3_full	karmanyaaggarwal.DS002542
hughy.4krp_B_A_89_rnd3_full	mosquitolkfo.nAb_design_1
hughy.4krp_B_A_89_rnd3_full	karmanyaaggarwal.DS003076
hughy.4krp_B_A_89_rnd3_full	cchallacombe.6
hughy.4krp_B_A_89_rnd3_full	karmanyaaggarwal.DS004729
hughy.4krp_B_A_89_rnd3_full	chrisxushaoyong.hu_nano2_4_85252b
hughy.4krp_B_A_89_rnd3_full	merlettaia.seq6v4
hughy.4krp_B_A_89_rnd3_full	chrisxushaoyong.hu_nano2_2_7ef96e
hughy.4krp_B_A_89_rnd3_full	merlettaia.seq0v3
hughy.4krp_B_A_89_rnd3_full	merlettaia.seq0v4
hughy.4krp_B_A_89_rnd3_full	tim.silica_corpora_regions_sampled_epitope_0_generated_variant_6_rank_7_phase_2
hughy.4krp_B_A_89_rnd3_full	tim.silica_corpora_sampled_epitope_0_generated_variant_1_rank_8_phase_2
hughy.4krp_B_A_89_rnd3_full	mosquitolkfo.nAb_design_7
hughy.4krp_B_A_89_rnd3_full	mosquitolkfo.nAb_design_9
hughy.4krp_B_A_89_rnd3_full	mosquitolkfo.nAb_design_6
hughy.4krp_B_A_89_rnd3_full	mosquitolkfo.nAb_design_3
hughy.4krp_B_A_89_rnd3_full	cchallacombe.1
hughy.4krp_B_A_89_rnd3_full	cchallacombe.4
hughy.4krp_B_A_89_rnd3_full	merlettaia.seq70v3
hughy.4krp_B_A_89_rnd3_full	tim.silica_corpora_sampled_epitope_0_generated_variant_8_rank_1_phase_2
hughy.4krp_B_A_89_rnd3_full	hughy.7om4_B_A_17_rnd2_v2_full
hughy.4krp_B_A_89_rnd3_full	tim.silica_corpora_sampled_epitope_2_generated_variant_9_rank_6_phase_2
martin.EGFR_l177_s77884_mpnn7	martin.EGFR_l177_s77884_mpnn7
duynth29.L88_MPNN5	duynth29.L88_MPNN5
briannaughton.2_plus_1	briannaughton.2_plus_1
briannaughton.2_plus_1	briannaughton.2_plus_2
ccalia.Paesani_Lab_design9	ccalia.Paesani_Lab_design9
ccalia.Paesani_Lab_design9	ccalia.Paesani_Lab_design2
ccalia.Paesani_Lab_design9	ccalia.Paesani_Lab_design1
ccalia.Paesani_Lab_design9	ccalia.Paesani_Lab_design8
ccalia.Paesani_Lab_design9	ccalia.Paesani_Lab_design3
zalavi.shortrustamov_GGG_zalavi3	zalavi.shortrustamov_GGG_zalavi3
martin.EGFR_l121_s46924_mpnn18	martin.EGFR_l121_s46924_mpnn18
pastei5.egfr_binder_01	pastei5.egfr_binder_01
briannaughton.1_plus_2	briannaughton.1_plus_2
briannaughton.1_plus_2	briannaughton.1_plus_EGFR
briannaughton.1_plus_2	alan.blakely.16_2
briannaughton.1_plus_2	alan.blakely.12_6
briannaughton.1_plus_2	alan.blakely.12_3
briannaughton.1_plus_2	zalavi.zalavi3_mergedaltered_rustamov
briannaughton.1_plus_2	zalavi.zalavi3_GGG_shortpacesa
darius.szablowski.EGFR_binder_2	darius.szablowski.EGFR_binder_2
darius.szablowski.EGFR_binder_2	darius.szablowski.EGFR_binder_4
darius.szablowski.EGFR_binder_2	darius.szablowski.EGFR_binder_5
toluwase.fatoki.Toluwase_Sequence4_148	toluwase.fatoki.Toluwase_Sequence4_148
lhallee.lhallee_128_driveid_3_4	lhallee.lhallee_128_driveid_3_4
toluwase.fatoki.Toluwase_Sequence3_119	toluwase.fatoki.Toluwase_Sequence3_119
mlange05.C	mlange05.C
mlange05.C	mlange05.B
mlange05.C	mlange05.A
toluwase.fatoki.Toluwase_Sequence6_112	toluwase.fatoki.Toluwase_Sequence6_112
allongoldberg.4_44	allongoldberg.4_44
allongoldberg.4_44	allongoldberg.4_44_0_refined
allongoldberg.4_44	allongoldberg.4_44_14_refined_IDEAL
akash.arunabharathi.design4	akash.arunabharathi.design4
akash.arunabharathi.design4	akash.arunabharathi.design8
martin.EGFR_l142_s75963_mpnn1	martin.EGFR_l142_s75963_mpnn1
lhallee.lhallee_128_driveid_1_2	lhallee.lhallee_128_driveid_1_2
x.rustamov.P_vhh_partial_1_32	x.rustamov.P_vhh_partial_1_32
colby.TUPEGFR_001	colby.TUPEGFR_001
colby.TUPEGFR_001	jude.wells.21.panitumumab_fused_trimmed_crossbreed3
colby.TUPEGFR_001	julian.faust.Demupitamab_mpnn_19_scfv
colby.TUPEGFR_001	jude.wells.21.panitumumab_fused_trimmed_task_12_iter_123
colby.TUPEGFR_001	jude.wells.21.6b3s_necitumumab_fused_trimmed_task_89_iter_216
colby.TUPEGFR_001	jude.wells.21.6b3s_necitumumab_fused_trimmed_task_98_iter_184
colby.TUPEGFR_001	jude.wells.21.6b3s_necitumumab_fused_trimmed_task_211_iter_150
colby.TUPEGFR_001	julian.faust.BecotatugxPimurutamab_scfv
colby.TUPEGFR_001	julian.faust.PimurutamabxBecotatug_scfv
colby.TUPEGFR_001	julian.faust.Pimurutamab_mpnn_18_scfv
colby.TUPEGFR_001	julian.faust.Pimurutamab_mpnn_17_scfv
colby.TUPEGFR_001	junhee.park1999.EGFR_binder_6
colby.TUPEGFR_001	junhee.park1999.EGFR_binder_7
colby.TUPEGFR_001	junhee.park1999.EGFR_binder_9
colby.TUPEGFR_001	jvogt4.vogt_scFV_2470
colby.TUPEGFR_001	jvogt4.vogt_scFV_2009
colby.TUPEGFR_001	jvogt4.vogt_scFV_0128
colby.TUPEGFR_001	jvogt4.vogt_scFV_2143
colby.TUPEGFR_001	jvogt4.vogt_scFV_2279
colby.TUPEGFR_001	nhaas.4
colby.TUPEGFR_001	round1zeroshot.K5Q_N70S_K71R_N73T_S87T_N88D_R179K_K183R_E213D_S214P
colby.TUPEGFR_001	xiuming_li2015.Eureka_seq_4
colby.TUPEGFR_001	xiuming_li2015.Eureka_seq_3
colby.TUPEGFR_001	xiuming_li2015.Eureka_seq_1
colby.TUPEGFR_001	alejandro.corrochano-navarro.eng_scfv_binder_2
colby.TUPEGFR_001	alejandro.corrochano-navarro.eng_scfv_binder_3
colby.TUPEGFR_001	alejandro.corrochano-navarro.eng_scfv_binder_1
colby.TUPEGFR_001	nhaas.3
colby.TUPEGFR_001	nhaas.2
colby.TUPEGFR_001	nhaas.8
colby.TUPEGFR_001	nhaas.6
colby.TUPEGFR_001	jack.li.EGFRbindingCandidate_7
colby.TUPEGFR_001	colby.TUPEGFR_018
colby.TUPEGFR_001	colby.TUPEGFR_010
colby.TUPEGFR_001	colby.TUPEGFR_006
colby.TUPEGFR_001	colby.TUPEGFR_012
cameron.kroll.Gertrude_gen5	cameron.kroll.Gertrude_gen5
cameron.kroll.Gertrude_gen5	cameron.kroll.Leitner
cameron.kroll.Gertrude_gen5	cameron.kroll.Gertrude_gen3
cameron.kroll.Gertrude_gen5	cameron.kroll.Gertrude_gen3_S69D_N61E
cameron.kroll.Gertrude_gen5	cameron.kroll.Gertrude_gen6
enzo.morro.design:0	enzo.morro.design:0
enzo.morro.design:0	enzo.morro.design:0
enzo.morro.design:0	enzo.morro.design:0
tarkhov.andrey.Erithacus_rubecula_gigantus_1	tarkhov.andrey.Erithacus_rubecula_gigantus_1
tarkhov.andrey.Erithacus_rubecula_gigantus_1	tarkhov.andrey.Erithacus_rubecula_gigantus_8
tarkhov.andrey.Erithacus_rubecula_gigantus_1	tarkhov.andrey.Erithacus_rubecula_gigantus_9
akash.arunabharathi.design9	akash.arunabharathi.design9
tarkhov.andrey.Erithacus_rubecula_gigantus_4	tarkhov.andrey.Erithacus_rubecula_gigantus_4
darius.szablowski.EGFR_binder_3	darius.szablowski.EGFR_binder_3
markus.braun.egfr_binder_3	markus.braun.egfr_binder_3
markus.braun.egfr_binder_7	markus.braun.egfr_binder_7
markus.braun.egfr_binder_8	markus.braun.egfr_binder_8
markus.braun.egfr_binder_1	markus.braun.egfr_binder_1
chuh.EGFR_Seg2_l58_s53469_mpnn1	chuh.EGFR_Seg2_l58_s53469_mpnn1
silvia.toscani.B_EGFR_6	silvia.toscani.B_EGFR_6
aswini.seed2_3	aswini.seed2_3
aswini.seed2_3	eceiiitn786.8s2
aswini.seed2_3	alex.naka.Ivysaur
aswini.seed2_3	alex.naka.Squirtle
aswini.seed2_3	alex.naka.Venusaur
aswini.seed2_3	alex.naka.Charmander
aswini.seed2_3	alex.naka.Wartortle
aswini.seed2_3	alex.naka.Blastoise
aswini.seed2_3	aswini.seed1
aswini.seed2_3	aswini.seed1_1
aswini.seed2_3	aswini.seed2_1
aswini.seed2_3	nitesh.mishra3.stepwise_egf_based_egfr_binder_3
aswini.seed2_3	a.tucs.Andrejs_Tucs_seq3
aswini.seed2_3	a.tucs.Andrejs_Tucs_seq5
aswini.seed2_3	a.tucs.Andrejs_Tucs_seq9
aswini.seed2_3	a.tucs.Andrejs_Tucs_seq4
aswini.seed2_3	paulafcfranklin.synth_rosetta_3
aswini.seed2_3	paulafcfranklin.synth_rosetta_1
aswini.seed2_3	paulafcfranklin.synth_rosetta_2
aswini.seed2_3	paulafcfranklin.synth_rosetta_4
aswini.seed2_3	paulafcfranklin.synth_rosetta_7
aswini.seed2_3	paulafcfranklin.synth_rosetta_8
aswini.seed2_3	paulafcfranklin.synth_rosetta_10
aswini.seed2_3	paulafcfranklin.synth_rosetta_9
aswini.seed2_3	joaosartori2.c1
aswini.seed2_3	paulafcfranklin.synth_rosetta_6
aswini.seed2_3	paulafcfranklin.synth_rosetta_5
aswini.seed2_3	biolucasmachado.engineered_binder_7
aswini.seed2_3	biolucasmachado.engineered_binder_3
aswini.seed2_3	biolucasmachado.engineered_binder_5
aswini.seed2_3	biolucasmachado.engineered_binder_9
aswini.seed2_3	biolucasmachado.engineered_binder_6
aswini.seed2_3	biolucasmachado.engineered_binder_8
aswini.seed2_3	biolucasmachado.engineered_binder_2
aswini.seed2_3	biolucasmachado.engineered_binder_1
aswini.seed2_3	biolucasmachado.engineered_binder_4
aswini.seed2_3	AmirM.MHosseini.seq1
aswini.seed2_3	amirmhosseini47.mohammad_seq2
aswini.seed2_3	joaosartori2.c3
aswini.seed2_3	joaosartori2.c6
aswini.seed2_3	joaosartori2.c4
coreyhowe99.corey82	coreyhowe99.corey82
alessio.daddio.AD_4	alessio.daddio.AD_4
chuh.EGFR_Seg1_l58_s941869_mpnn2	chuh.EGFR_Seg1_l58_s941869_mpnn2
noah.holzleitner.Noah_EGFR-Binder_2	noah.holzleitner.Noah_EGFR-Binder_2
noah.holzleitner.Noah_EGFR-Binder_2	noah.holzleitner.Noah_EGFR-Binder_1
noah.holzleitner.Noah_EGFR-Binder_2	noah.holzleitner.Noah_EGFR-Binder_3
noah.holzleitner.Noah_EGFR-Binder_8	noah.holzleitner.Noah_EGFR-Binder_8
tiejun.wei.egfr_binder_design_208_dldesign_10_af2pred.pdb_A	tiejun.wei.egfr_binder_design_208_dldesign_10_af2pred.pdb_A
tiejun.wei.egfr_binder_design_208_dldesign_10_af2pred.pdb_A	wtj19921231.egfr_binder_design_208_dldesign_0_cycle1_run5_af2pred.pdb_A
chuh.EGFR_Seg2_l62_s244475_mpnn4	chuh.EGFR_Seg2_l62_s244475_mpnn4
kurumida.yoichi.mg_05	kurumida.yoichi.mg_05
gitter.yolo23	gitter.yolo23
binom16.pocket1pep15	binom16.pocket1pep15
cbrown.cbrown_0005_2_EGFR_l81_s801188_mpnn1_model1	cbrown.cbrown_0005_2_EGFR_l81_s801188_mpnn1_model1
gitter.yolo48	gitter.yolo48
qilin_y.test7	qilin_y.test7
tadej.satler.egfr_binder_3	tadej.satler.egfr_binder_3
alessio.daddio.AD_1	alessio.daddio.AD_1
begonia.sp.13.EGFR_l61_s456546_mpnn1_model1	begonia.sp.13.EGFR_l61_s456546_mpnn1_model1
nicholas-schnicker.schnick_04	nicholas-schnicker.schnick_04
noah.holzleitner.Noah_EGFR-Binder_4	noah.holzleitner.Noah_EGFR-Binder_4
gitter.yolo46	gitter.yolo46
bundit.b_s18.manbaritone_Seq3_EGFR-binder-70-100_beta_303_dldesign_6|Lenght=71	bundit.b_s18.manbaritone_Seq3_EGFR-binder-70-100_beta_303_dldesign_6|Lenght=71
bundit.b_s18.manbaritone_Seq3_EGFR-binder-70-100_beta_303_dldesign_6|Lenght=71	bundit.b_s18.manbaritone_Seq5_EGFR-binder-70-100_beta_303_dldesign_1|Length=71
spacecruiser42.d2_prompt_binder_t1.0_22	spacecruiser42.d2_prompt_binder_t1.0_22
begonia.sp.13.EGFR_l110_s478327_mpnn7_model2	begonia.sp.13.EGFR_l110_s478327_mpnn7_model2
mchrnwsk.marta_chronowska_dom1_l99_s666690_mpnn16	mchrnwsk.marta_chronowska_dom1_l99_s666690_mpnn16
spacecruiser42.d2_prompt_binder_t0.8_88	spacecruiser42.d2_prompt_binder_t0.8_88
praghava531.seq2	praghava531.seq2
elian.elian1	elian.elian1
elian.elian1	elian.elian4
elian.elian1	elian.elian3
elian.elian1	elian.elian5
elian.elian1	elian.elian2
elian.elian1	lyu.1
elian.elian1	lyu.3
elian.elian1	lyu.2
elian.elian1	aswinijavadi160197.8_A
spacecruiser42.d2_prompt_binder_t1.0_37	spacecruiser42.d2_prompt_binder_t1.0_37
bundit.b_s18.manbaritone_Seq6_EGFR-binder-70-100_beta_778_dldesign_0|Length=71	bundit.b_s18.manbaritone_Seq6_EGFR-binder-70-100_beta_778_dldesign_0|Length=71
begonia.sp.13.EGFR_l88_s11832_mpnn1_model2	begonia.sp.13.EGFR_l88_s11832_mpnn1_model2
chenceshi1105.steven_binder_design_l82_s44755_it100_mpnn6	chenceshi1105.steven_binder_design_l82_s44755_it100_mpnn6
niklas.95B59203-B642-4754-BCD3-8E670A722C8D_l91_s349792600_mpnn2	niklas.95B59203-B642-4754-BCD3-8E670A722C8D_l91_s349792600_mpnn2
niklas.95B59203-B642-4754-BCD3-8E670A722C8D_l91_s349792600_mpnn2	niklas.95B59203-B642-4754-BCD3-8E670A722C8D_l91_s349792600_mpnn19
rohith.mohan.model_67_69_2	rohith.mohan.model_67_69_2
qxy615.s1_rfd_comp_beta_782_81	qxy615.s1_rfd_comp_beta_782_81
qxy615.s1_rfd_comp_beta_782_81	qilin_y.test4
qxy615.s1_rfd_comp_beta_782_81	qilin_y.test5
chenceshi1105.steven_binder_design_l75_s60968_it100_mpnn0	chenceshi1105.steven_binder_design_l75_s60968_it100_mpnn0
qilin_y.test8	qilin_y.test8
qy.qilin.yu.10-13-21_sample267_complex_42_complex	qy.qilin.yu.10-13-21_sample267_complex_42_complex
niklas.E5A28FA3-3501-41C2-922C-EC848E0BC020_l81_s514858345_mpnn4	niklas.E5A28FA3-3501-41C2-922C-EC848E0BC020_l81_s514858345_mpnn4
zulfatmi.pocket7pep42	zulfatmi.pocket7pep42
qilin_y.test6	qilin_y.test6
spacecruiser42.d2_prompt_binder_t0.8_42	spacecruiser42.d2_prompt_binder_t0.8_42
maxall4.EGFR_TRIM_l126_s498823_mpnn2_model1_unrelaxed_rank_001_alphafold2_multimer_v3_model_1_seed_000_top1_mutation_L39G_round1|Chain_A	maxall4.EGFR_TRIM_l126_s498823_mpnn2_model1_unrelaxed_rank_001_alphafold2_multimer_v3_model_1_seed_000_top1_mutation_L39G_round1|Chain_A
zulfatmi.pocket2pep63	zulfatmi.pocket2pep63
binom16.pocket2pep86	binom16.pocket2pep86
spacecruiser42.d2_prompt_binder_t1.0_139	spacecruiser42.d2_prompt_binder_t1.0_139
klima.jason.8HGO_design_jt8s1_0_3_proteinmpnn_20	klima.jason.8HGO_design_jt8s1_0_3_proteinmpnn_20
qxy615.s1_rfd_base_46_60	qxy615.s1_rfd_base_46_60
qxy615.s1_rfd_base_46_60	qxy615.s1_rfd_base_46_94
carson.vaux.Baker1_18	carson.vaux.Baker1_18
deepsatflow.6aru_final_chain_A_domain_3_l147_s945609_mpnn1	deepsatflow.6aru_final_chain_A_domain_3_l147_s945609_mpnn1
jakublala.epitope_1_30aa.pdb	jakublala.epitope_1_30aa.pdb
maxall4.EGFR_ED_BINDER_l124_s860500_mpnn1_model1_unrelaxed_rank_001_alphafold2_multimer_v3_model_1_seed_000_top1_mutation_D81N_round1|Chain_A	maxall4.EGFR_ED_BINDER_l124_s860500_mpnn1_model1_unrelaxed_rank_001_alphafold2_multimer_v3_model_1_seed_000_top1_mutation_D81N_round1|Chain_A
chenceshi1105.steven_binder_design_l89_s48081_it100_mpnn4	chenceshi1105.steven_binder_design_l89_s48081_it100_mpnn4
binom16.pocket3pep98	binom16.pocket3pep98
zulfatmi.pocket1pep78	zulfatmi.pocket1pep78
salireza111.Seq166_1_001_7	salireza111.Seq166_1_001_7
salireza111.Seq166_1_001_7	salireza111.Seq166_7_003_9
salireza111.Seq166_1_001_7	salireza111.Seq166_3_002_4
alessio.daddio.AD_9	alessio.daddio.AD_9
salireza111.Seq206_1_001_6	salireza111.Seq206_1_001_6
darius.szablowski.EGFR_binder_1	darius.szablowski.EGFR_binder_1
maxall4.EGFR_ED_BINDER_l134_s906486_mpnn2_model1_unrelaxed_rank_001_alphafold2_multimer_v3_model_1_seed_000_top1_mutation_G108S_round1|Chain_A	maxall4.EGFR_ED_BINDER_l134_s906486_mpnn2_model1_unrelaxed_rank_001_alphafold2_multimer_v3_model_1_seed_000_top1_mutation_G108S_round1|Chain_A
maxall4.EGFR_ED_BINDER_l134_s906486_mpnn2_model1_unrelaxed_rank_001_alphafold2_multimer_v3_model_1_seed_000_top1_mutation_G108S_round1|Chain_A	maxall4.EGFR_ED_BINDER_l134_s906486_mpnn2_model1_unrelaxed_rank_001_alphafold2_multimer_v3_model_1_seed_000_top1_mutation_G108S_round1_Y80D|Chain_A
flowuenne.nf-proteindesign_design10	flowuenne.nf-proteindesign_design10
binom16.pocket2pep89	binom16.pocket2pep89
amelie.schreiber.model_56_119_15	amelie.schreiber.model_56_119_15
amelie.schreiber.model_56_119_15	Reed.HARRISON.model_56_119_0
deepsatflow.6aru_final_chain_A_domain_3_l142_s806907_mpnn1	deepsatflow.6aru_final_chain_A_domain_3_l142_s806907_mpnn1
binom16.pocket7pep80	binom16.pocket7pep80
areddy.EGFR_l169_s781475	areddy.EGFR_l169_s781475
niklas.EE4629A9-322F-48F0-884D-8F4418DB9BCE_l151_s241659642_mpnn11	niklas.EE4629A9-322F-48F0-884D-8F4418DB9BCE_l151_s241659642_mpnn11
deepsatflow.6aru_final_chain_A_domain_3_l138_s466479_mpnn9	deepsatflow.6aru_final_chain_A_domain_3_l138_s466479_mpnn9
aswini.clipgen30	aswini.clipgen30
klima.jason.8HGO_design_8gswy_1_2	klima.jason.8HGO_design_8gswy_1_2
klima.jason.8HGO_design_8gswy_1_2	klima.jason.8HGO_design_94eja_1_5
klima.jason.8HGO_design_8gswy_1_2	briannaughton.EGFR_plus_EGFR
klima.jason.8HGO_design_8gswy_1_2	klima.jason.8HGO_design_vdcjs_1_2
klima.jason.8HGO_design_8gswy_1_2	klima.jason.8HGO_design_4yyaf_0_0
salireza111.Seq119_3_001_8	salireza111.Seq119_3_001_8
amelie.schreiber.model_60_151_9	amelie.schreiber.model_60_151_9
lhallee.lhallee_20_on_target_2000	lhallee.lhallee_20_on_target_2000
bronte.EGFR_Binder_4_91	bronte.EGFR_Binder_4_91
amelie.schreiber.model_83_156_16	amelie.schreiber.model_83_156_16
lennart.nickel.EGFR_l114_s69310_mpnn7	lennart.nickel.EGFR_l114_s69310_mpnn7
maxall4.EGFR_ED_BINDER_l132_s581930_mpnn1_model1_unrelaxed_rank_001_alphafold2_multimer_v3_model_1_seed_000_top1_mutation_R79A_round1|Chain_A	maxall4.EGFR_ED_BINDER_l132_s581930_mpnn1_model1_unrelaxed_rank_001_alphafold2_multimer_v3_model_1_seed_000_top1_mutation_R79A_round1|Chain_A
duynth29.Duy_L111_mpnn14	duynth29.Duy_L111_mpnn14
duynth29.Duy_L111_mpnn14	duynth29.Duy_L111_mpnn14_I36M_
duynth29.Duy_L111_mpnn14	duynth29.Duy_L111_mpnn14_L80M_L42M
niklas.7A72D922-1677-4FC8-9315-D7996BA05D8E_l150_s530325711_mpnn12	niklas.7A72D922-1677-4FC8-9315-D7996BA05D8E_l150_s530325711_mpnn12
Ali.RASOULI.intern.model_77_142_3	Ali.RASOULI.intern.model_77_142_3
jakublala.epitope_1_20aa.pdb	jakublala.epitope_1_20aa.pdb
lennart.nickel.EGFR_l98_s70756_mpnn3	lennart.nickel.EGFR_l98_s70756_mpnn3
jakublala.full_dibinder_45aa.pdb	jakublala.full_dibinder_45aa.pdb
jakublala.full_dibinder_45aa.pdb	jakublala.full_dibinder_45aa_2.pdb
fernando.meireles.design_hybrid_partial_diff_7_1_binder	fernando.meireles.design_hybrid_partial_diff_7_1_binder
fernando.meireles.design_hybrid_partial_diff_7_1_binder	fernando.meireles.design_hybrid_partial_diff_4_31_binder
fernando.meireles.design_hybrid_partial_diff_7_1_binder	fernando.meireles.design_hybrid_partial_diff_9_54_binder
jakublala.epitope_2_30aa_1.pdb	jakublala.epitope_2_30aa_1.pdb
lennart.nickel.EGFR_l179_s82283_mpnn1	lennart.nickel.EGFR_l179_s82283_mpnn1
flowuenne.nf-proteindesign_design7	flowuenne.nf-proteindesign_design7
lennart.nickel.EGFR_l170_s20625_mpnn10	lennart.nickel.EGFR_l170_s20625_mpnn10
flowuenne.nf-proteindesign_design8	flowuenne.nf-proteindesign_design8
christoph.gruber.Binder12_1	christoph.gruber.Binder12_1
fgndd1.fg_seq1	fgndd1.fg_seq1
duynth29.L148_MPNN1	duynth29.L148_MPNN1
keaun.GWFGVVFKADIARVSEFVAIGLSTGPLGSESTFSIWRQ	keaun.GWFGVVFKADIARVSEFVAIGLSTGPLGSESTFSIWRQ
keaun.GWFGVVFKADIARVSEFVAIGLSTGPLGSESTFSIWRQ	keaun.GWFGVVFKADIARDSEFVAILESQGYLSSITTFSGWNQ
keaun.GWFGVVFKADIARVSEFVAIGLSTGPLGSESTFSIWRQ	keaun.GWFGVVFKADIAGVSEKVAIELSGGYEGSLTTPSGWNQ
keaun.GWFGVVFKADIARVSEFVAIGLSTGPLGSESTFSIWRQ	keaun.GAFPVVFKADIARVSEFVAIGPSTGYLGSLTTMSGVNQ
keaun.GWFGVVFKADIARVSEFVAIGLSTGPLGSESTFSIWRQ	keaun.GIFGVVFKADIARVSIDVAIDYSTGYLGSLTTFSGCNQ
lennart.nickel.EGFR_l139_s63093_mpnn2	lennart.nickel.EGFR_l139_s63093_mpnn2
martin.EGFR_l111_s89744_mpnn1	martin.EGFR_l111_s89744_mpnn1
akash.arunabharathi.design3	akash.arunabharathi.design3
akash.arunabharathi.design3	akash.arunabharathi.design10
dre.LGDL_EGFR_001	dre.LGDL_EGFR_001
lhallee.lhallee_40_target_driveid_10	lhallee.lhallee_40_target_driveid_10
tarkhov.andrey.Erithacus_rubecula_gigantus_7	tarkhov.andrey.Erithacus_rubecula_gigantus_7
lhallee.lhallee_40_full_driveid_8_9	lhallee.lhallee_40_full_driveid_8_9
markus.braun.egfr_binder_6	markus.braun.egfr_binder_6
joel.rf_diffusion_trim_3	joel.rf_diffusion_trim_3
ssomani.17	ssomani.17
martin.EGFR_l165_s31019_mpnn3	martin.EGFR_l165_s31019_mpnn3
christoph.gruber.UpperBinder_XTEN_LowerBinder	christoph.gruber.UpperBinder_XTEN_LowerBinder
allongoldberg.3_52_10_refined_IDEAL	allongoldberg.3_52_10_refined_IDEAL
allongoldberg.3_52_10_refined_IDEAL	allongoldberg.3_52_1_refined
allongoldberg.3_52_10_refined_IDEAL	allongoldberg.3_52
christoph.gruber.UpperBinder_Scaffold1_LowerBinder	christoph.gruber.UpperBinder_Scaffold1_LowerBinder
christoph.gruber.UpperBinder_Scaffold1_LowerBinder	christoph.gruber.UpperBinder_Scaffold3_LowerBinder
christoph.gruber.UpperBinder_Scaffold1_LowerBinder	christoph.gruber.UpperBinder_Scaffold2_LowerBinder
z_peplib.pepseq_design_9	z_peplib.pepseq_design_9
z_peplib.pepseq_design_9	z_peplib.pepseq_design_8
z_peplib.pepseq_design_6	z_peplib.pepseq_design_6
minji.lee.111	minji.lee.111
minji.lee.2325	minji.lee.2325
minji.lee.2325	minji.lee.386
antorsae.TA_5_1	antorsae.TA_5_1
antorsae.TA_5_1	antorsae.TA_5_3
antorsae.TA_5_1	antorsae.TA_5_2
antorsae.TA_5_1	antorsae.ta397unsafety_2
antorsae.TA_5_1	antorsae.TA_4_4
antorsae.TA_5_1	antorsae.TA_4_5
antorsae.TA_5_1	antorsae.T=0.1,
antorsae.TA_5_1	antorsae.TA525_0_0
stocco.filippo.1.3.3.18_13_0_iteration12	stocco.filippo.1.3.3.18_13_0_iteration12
stocco.filippo.1.3.3.18_13_0_iteration12	stocco.filippo.1.3.3.18_37_0_iteration3
stocco.filippo.1.3.3.18_13_0_iteration12	aureliabustos.bce_var702
stocco.filippo.1.3.3.18_13_0_iteration12	aureliabustos.bce_var464
stocco.filippo.1.3.3.18_13_0_iteration12	aureliabustos.bce_var433
stocco.filippo.1.3.3.18_13_0_iteration12	alecl.unrelaxedA
stocco.filippo.1.3.3.18_13_0_iteration12	kerrding.seq5
stocco.filippo.1.3.3.18_13_0_iteration12	kerrding.seq6
stocco.filippo.1.3.3.18_13_0_iteration12	stocco.filippo.1.3.3.18_4_2_iteration0
stocco.filippo.1.3.3.18_13_0_iteration12	a.tucs.Andrejs_Tucs_seq10
stocco.filippo.1.3.3.18_13_0_iteration12	a.tucs.Andrejs_Tucs_seq8
stocco.filippo.1.3.3.18_13_0_iteration12	stocco.filippo.1.3.3.18_51_2_iteration3
stocco.filippo.1.3.3.18_13_0_iteration12	stocco.filippo.1.3.3.18_40_0_iteration12
stocco.filippo.1.3.3.18_13_0_iteration12	stocco.filippo.1.3.3.18_65_0_iteration3
stocco.filippo.1.3.3.18_13_0_iteration12	youngsuko2000.last
stocco.filippo.1.3.3.18_13_0_iteration12	aureliabustos.wwt_noised_I_scaffold_shorted_var8423
stocco.filippo.1.3.3.18_13_0_iteration12	aureliabustos.wwt_noised_I_scaffold_shorted_var9391
stocco.filippo.1.3.3.18_13_0_iteration12	aureliabustos.wwt_noised_I_scaffold_shorted_var7524
stocco.filippo.1.3.3.18_13_0_iteration12	aureliabustos.wt_noised_I_scaffold_shorted_var71
stocco.filippo.1.3.3.18_13_0_iteration12	aureliabustos.wwt_noised_I_scaffold_shorted_var6640
stocco.filippo.1.3.3.18_13_0_iteration12	a.tucs.Andrejs_Tucs_seq2
stocco.filippo.1.3.3.18_13_0_iteration12	a.tucs.Andrejs_Tucs_seq1
stocco.filippo.1.3.3.18_13_0_iteration12	AmirM.MHosseini.seq3
stocco.filippo.1.3.3.18_13_0_iteration12	youngsuko2000.fast4
stocco.filippo.1.3.3.18_13_0_iteration12	AmirM.MHosseini.seq9
stocco.filippo.1.3.3.18_13_0_iteration12	youngsuko2000.queen
stocco.filippo.1.3.3.18_13_0_iteration12	youngsuko2000.ysar
stocco.filippo.1.3.3.18_13_0_iteration12	AmirM.MHosseini.seq4
stocco.filippo.1.3.3.18_13_0_iteration12	kerrding.seq7
stocco.filippo.1.3.3.18_13_0_iteration12	kerrding.seq8
stocco.filippo.1.3.3.18_13_0_iteration12	kerrding.seq9
stocco.filippo.1.3.3.18_13_0_iteration12	alecl.relaxedA
stocco.filippo.1.3.3.18_13_0_iteration12	nitesh.mishra3.stepwise_scaffold_egfr_binder_6
stocco.filippo.1.3.3.18_13_0_iteration12	alex.naka.Charmeleon
stocco.filippo.1.3.3.18_13_0_iteration12	alex.naka.Charizard
stocco.filippo.1.3.3.18_13_0_iteration12	tadaskluonis.cotimed_egf_BCseq_1
stocco.filippo.1.3.3.18_13_0_iteration12	a.tucs.Andrejs_Tucs_seq7
stocco.filippo.1.3.3.18_13_0_iteration12	a.tucs.Andrejs_Tucs_seq6
stocco.filippo.1.3.3.18_13_0_iteration12	s1995825.cotimed_egf_netsolp_usability_4
stocco.filippo.1.3.3.18_13_0_iteration12	s1995825.cotimed_egf_netsolp_usability_1
stocco.filippo.1.3.3.18_13_0_iteration12	s1995825.cotimed_egf_netsolp_usability_2
stocco.filippo.1.3.3.18_13_0_iteration12	s1995825.timed_egf_netsolp_usability_consensus_1
stocco.filippo.1.3.3.18_13_0_iteration12	tadaskluonis.cotimed_egf_BCseq_2
stocco.filippo.1.3.3.18_13_0_iteration12	s1995825.cotimed_egf_netsolp_usability_3
stocco.filippo.1.3.3.18_13_0_iteration12	s1995825.cotimed_egf_netsolp_usability_6
stocco.filippo.1.3.3.18_13_0_iteration12	s1995825.cotimed_egf_netsolp_usability_5
stocco.filippo.1.3.3.18_13_0_iteration12	s1995825.cotimed_egf_netsolp_usability_7
stocco.filippo.1.3.3.18_13_0_iteration12	s1995825.timed_egf_netsolp_usability_consensus_2
stocco.filippo.1.3.3.18_13_0_iteration12	s1995825.cotimed_egf_netsolp_usability_8
stocco.filippo.1.3.3.18_13_0_iteration12	tadaskluonis.cotimed_egf_BCseq_0
dre.LGDL_EGFR_008	dre.LGDL_EGFR_008
baptiste.roelens.ognk	baptiste.roelens.ognk
julie.jg26n	julie.jg26n
nitesh.mishra3.stepwise_rfdiff_egfr_binder_1	nitesh.mishra3.stepwise_rfdiff_egfr_binder_1
julie.ryfqy	julie.ryfqy
julie.rj0aa	julie.rj0aa
